,school,city_state,from,to,yrs,g,w,l,w-l%,srs,sos,ap,creg,ctrn,ncaa,ff,nc,school_id
0,Abilene Christian Wildcats,"Abilene, Texas",1971,2021,11,305,157,148,.515,-9.30,-6.41,0,0,1,1,0,0,abilene-christian
1,Air Force Falcons,"USAF Academy, Colorado",1958,2021,63,1711,744,967,.435,-2.81,1.29,0,1,0,4,0,0,air-force
2,Akron Zips,"Akron, Ohio",1902,2021,70,1598,946,652,.592,0.12,-1.21,0,9,4,4,0,0,akron
3,Alabama A&M Bulldogs,"Normal, Alabama",2000,2021,22,612,234,378,.382,-16.23,-10.92,0,1,1,1,0,0,alabama-am
4,Alabama Crimson Tide,"Tuscaloosa, Alabama",1913,2021,108,2766,1700,1065,.615,7.38,4.63,15,10,7,21,0,0,alabama
5,Alabama State Hornets,"Montgomery, Alabama",1983,2021,39,1129,540,589,.478,-13.37,-10.07,0,4,4,4,0,0,alabama-state
6,Alabama-Birmingham Blazers,"Birmingham, Alabama",1980,2021,42,1328,827,501,.623,6.51,2.30,2,7,5,15,0,0,alabama-birmingham
7,Albany (NY) Great Danes,"Albany, New York",2000,2021,22,663,327,336,.493,-6.77,-5.96,0,2,5,5,0,0,albany-ny
8,Alcorn State Braves,"Alcorn State, Mississippi",1978,2021,44,1280,552,728,.431,-13.79,-8.37,0,10,6,6,0,0,alcorn-state
9,Allegheny Gators,"Meadville, Pennsylvania",1896,1916,21,234,191,41,.823,,,0,0,0,,,,allegheny
10,American Eagles,"Washington, D.C.",1967,2021,55,1533,755,778,.492,-5.55,-3.79,0,7,3,3,0,0,american
11,Amherst Lord Jeffs,"Amherst, Massachusetts",1901,1902,2,12,12,0,1.000,,,0,0,0,,,,amherst
12,Appalachian State Mountaineers,"Boone, North Carolina",1974,2021,48,1396,682,714,.489,-5.87,-3.28,0,10,2,2,0,0,appalachian-state
13,Arizona State Sun Devils,"Tempe, Arizona",1912,2021,106,2577,1372,1205,.532,4.95,3.92,7,8,0,16,0,0,arizona-state
14,Arizona Wildcats,"Tucson, Arizona",1905,2021,114,2764,1817,946,.658,9.00,4.96,27,24,7,35,4,1,arizona
15,Arkansas Razorbacks,"Fayetteville, Arkansas",1924,2021,98,2685,1717,968,.639,7.69,3.01,16,26,7,32,6,1,arkansas
16,Arkansas State Red Wolves,"State University, Arkansas",1971,2021,51,1461,746,715,.511,-3.88,-3.02,0,7,1,1,0,0,arkansas-state
17,Arkansas-Pine Bluff Golden Lions,"Pine Bluff, Arkansas",1999,2021,23,677,201,476,.297,-19.59,-8.01,0,0,1,1,0,0,arkansas-pine-bluff
18,Armstrong Pirates,"Savannah, Georgia",1987,1987,1,28,6,22,.214,-21.60,-4.78,0,0,0,0,0,0,armstrong
19,Army Black Knights,"West Point, New York",1903,2021,119,2523,1255,1268,.497,-8.97,-4.44,0,0,0,0,0,0,army
20,Auburn Tigers,"Auburn, Alabama",1906,2021,115,2609,1395,1213,.535,5.57,4.16,8,4,2,10,1,0,auburn
21,Augusta State Jaguars,"Augusta, Georgia",1985,1991,7,197,64,133,.325,-17.30,-8.00,0,0,0,0,0,0,augusta-state
22,Augustana (IL) Vikings,"Rock Island, Illinois",1902,1917,12,116,81,35,.698,,,0,0,0,,,,augustana-il
23,Austin Peay Governors,"Clarksville, Tennessee",1964,2021,58,1650,830,820,.503,-5.51,-3.40,1,8,5,7,0,0,austin-peay
24,Baker University Wildcats,"Baldwin City, Kansas",1903,1908,6,90,62,28,.689,,,0,0,0,,,,baker-university
25,Baldwin-Wallace Yellow Jackets,"Berea, Ohio",1948,1953,6,139,82,57,.590,-4.45,1.84,0,0,0,0,0,0,baldwin-wallace
26,Ball State Cardinals,"Muncie, Indiana",1972,2021,50,1451,772,679,.532,-0.87,-0.73,1,10,7,7,0,0,ball-state
27,Baltimore Super Bees,"Baltimore, Maryland",1979,1983,5,133,46,87,.346,-13.76,-6.45,0,0,0,0,0,0,baltimore
28,Baylor Bears,"Waco, Texas",1907,2021,115,2763,1386,1377,.502,1.94,2.46,7,5,0,12,2,0,baylor
29,Bellarmine Knights,"Louisville, Kentucky",2021,2021,1,6,3,3,.500,-7.02,-1.77,0,0,0,0,0,0,bellarmine
30,Belmont Bruins,"Nashville, Tennessee",2000,2021,22,679,451,228,.664,1.24,-3.75,0,12,8,8,0,0,belmont
31,Beloit Buccaneers,"Beloit, Wisconsin",1911,1924,8,95,66,28,.702,,,0,0,0,,,,beloit
32,Bethune-Cookman Wildcats,"Daytona Beach, Florida",1981,2020,40,1185,433,752,.365,-16.65,-9.97,0,2,0,0,0,0,bethune-cookman
33,Binghamton Bearcats,"Binghamton, New York",2002,2021,20,583,206,377,.353,-11.32,-5.51,0,1,1,1,0,0,binghamton
34,Birmingham-Southern Panthers,"Birmingham, Alabama",1920,2006,5,105,65,40,.619,-5.44,-8.71,0,1,0,0,0,0,birmingham-southern
35,Bloomsburg Huskies,"Bloomsburg, Pennsylvania",1896,1911,15,143,88,55,.615,,,0,0,0,,,,bloomsburg
36,Boise State Broncos,"Boise, Idaho",1972,2021,50,1454,811,643,.558,0.52,-0.68,0,6,5,7,0,0,boise-state
37,Boston College Eagles,"Chestnut Hill, Massachusetts",1946,2021,76,2123,1158,965,.545,3.15,3.29,8,6,2,18,0,0,boston-college
38,Boston University Terriers,"Boston, Massachusetts",1916,2021,95,2165,1113,1052,.514,-6.76,-5.47,0,8,7,7,0,0,boston-university
39,Bowling Green State Falcons,"Bowling Green, Ohio",1916,2021,106,2612,1415,1197,.542,-0.37,0.05,2,9,0,4,0,0,bowling-green-state
40,Bradley Braves,"Peoria, Illinois",1903,2021,117,2914,1698,1216,.583,4.71,2.94,12,7,4,9,2,0,bradley
41,Brigham Young College ,"Logan, Utah",1908,1908,1,11,10,1,.909,,,0,0,0,,,,brigham-young-college
42,Brigham Young Cougars,"Provo, Utah",1903,2021,119,2967,1862,1105,.628,7.75,3.59,11,25,3,29,0,0,brigham-young
43,Brooklyn Bulldogs,"Brooklyn, New York",1934,1992,25,567,233,334,.411,-19.21,-9.62,0,0,0,0,0,0,brooklyn
44,Brown Bears,"Providence, Rhode Island",1901,2021,115,2601,1060,1541,.408,-10.86,-4.57,0,1,0,2,0,0,brown
45,Bryant Bulldogs,"Smithfield, Rhode Island",2011,2021,11,319,119,200,.373,-9.76,-5.07,0,0,0,0,0,0,bryant
46,Bucknell Bison,"Lewisburg, Pennsylvania",1896,2021,126,2714,1463,1251,.539,-8.19,-6.73,0,18,8,8,0,0,bucknell
47,Buffalo Bulls,"Buffalo, New York",1907,2021,52,1243,636,607,.512,-4.60,-2.17,1,5,4,4,0,0,buffalo
48,Butler Bulldogs,"Indianapolis, Indiana",1897,2021,123,2780,1621,1159,.583,1.87,3.21,8,13,7,16,2,0,butler
49,Cal Poly Mustangs,"San Luis Obispo, California",1995,2021,27,771,305,466,.396,-7.19,-1.89,0,1,1,1,0,0,cal-poly
50,Cal State Bakersfield Roadrunners,"Bakersfield, California",2011,2021,11,326,162,164,.497,-4.82,-3.31,0,1,1,1,0,0,cal-state-bakersfield
51,Cal State Fullerton Titans,"Fullerton, California",1975,2021,47,1347,636,711,.472,-2.12,-0.28,0,2,3,3,0,0,cal-state-fullerton
52,Cal State Long Beach 49ers,"Long Beach, California",1970,2021,52,1532,828,704,.540,0.66,1.17,5,14,5,9,0,0,long-beach-state
53,Cal State Los Angeles Golden Eagles,"Los Angeles, California",1971,1975,5,130,70,60,.538,-1.89,1.34,0,0,0,1,0,0,cal-state-los-angeles
54,Cal State Northridge Matadors,"Northridge, California",1991,2021,31,904,388,516,.429,-5.47,-1.97,0,3,2,2,0,0,cal-state-northridge
55,California Baptist Lancers,"Riverside, California",2019,2021,3,67,40,27,.597,-2.08,-4.60,0,0,0,0,0,0,california-baptist
56,Campbell Fighting Camels,"Buies Creek, North Carolina",1978,2021,44,1253,522,731,.417,-12.51,-6.99,0,2,1,1,0,0,campbell
57,Canisius Golden Griffins,"Buffalo, New York",1904,2021,117,2612,1322,1290,.506,-3.73,-1.69,1,8,1,4,0,0,canisius
58,Carleton College Knights,"Northfield, Minnesota",1910,1934,25,360,280,80,.778,,,0,0,0,,,,carleton-college
59,Carnegie Mellon Tartans,"Pittsburgh, Pennsylvania",1933,1939,7,87,40,47,.460,,,0,2,0,0,0,0,carnegie-mellon
60,Case Western Reserve Spartans,"Cleveland, Ohio",1898,1955,13,245,95,150,.388,-18.31,-2.68,0,0,0,0,0,0,case-western-reserve
61,Catholic Cardinals,"Washington, D.C.",1913,1981,13,248,122,126,.492,-15.98,-6.69,0,0,0,1,0,0,catholic
62,Centenary (LA) Gents,"Shreveport, Louisiana",1960,2011,52,1435,637,798,.444,-8.73,-3.96,1,1,1,0,0,0,centenary-la
63,Central Arkansas Bears,"Conway, Arkansas",2011,2021,11,314,95,219,.303,-13.68,-4.02,0,0,0,0,0,0,central-arkansas
64,Central Connecticut State Blue Devils,"New Britain, Connecticut",1987,2021,35,999,397,602,.397,-12.63,-7.50,0,3,3,3,0,0,central-connecticut-state
65,Central Florida Knights,"Orlando, Florida",1985,2021,37,1085,546,539,.503,-3.62,-2.20,0,1,4,5,0,0,central-florida
66,Central Michigan Chippewas,"Mount Pleasant, Michigan",1974,2021,48,1366,607,759,.444,-3.92,-0.53,0,8,2,4,0,0,central-michigan
67,Central Missouri Mules,"Warrensburg, Missouri",1913,1937,10,178,140,38,.787,,,0,0,0,,,,central-missouri
68,Central Normal College ,"Danville, Indiana",1931,1931,1,19,19,0,1.000,,,0,0,0,,,,central-normal-college
69,Central Pennsylvania College Knights,"Summerdale, Pennsylvania",1896,1900,4,6,2,4,.333,,,0,0,0,,,,central-pennsylvania-college
70,Centre (KY) Colonels,"Danville, Kentucky",1910,1919,3,45,41,4,.911,,,0,0,0,,,,centre-ky
71,Charleston Southern Buccaneers,"Charleston, South Carolina",1975,2021,47,1329,551,778,.415,-13.34,-7.18,0,4,4,1,0,0,charleston-southern
72,Charlotte 49ers,"Charlotte, North Carolina",1973,2021,49,1437,788,649,.548,3.32,1.92,2,6,5,11,1,0,charlotte
73,Chattanooga Mocs,"Chattanooga, Tennessee",1978,2021,44,1336,804,532,.602,-2.43,-3.62,1,19,11,11,0,0,chattanooga
74,Cheyenne Business College ,"Cheyenne, Wyoming",1903,1903,1,1,1,0,1.000,,,0,0,0,,,,cheyenne-business-college
75,Chicago Maroons,"Chicago, Illinois",1896,1946,46,862,419,443,.486,,,0,6,0,0,0,0,chicago
76,Chicago State Cougars,"Chicago, Illinois",1985,2021,37,1061,273,788,.257,-15.85,-2.14,0,0,1,0,0,0,chicago-state
77,Cincinnati Bearcats,"Cincinnati, Ohio",1902,2021,120,2869,1837,1032,.640,11.61,5.10,25,25,12,33,6,2,cincinnati
78,Citadel Bulldogs,"Charleston, South Carolina",1913,2021,109,2399,1010,1389,.421,-12.98,-5.61,0,0,0,0,0,0,citadel
79,City College of New York Beavers,"New York, New York",1906,1953,48,725,517,208,.713,-0.07,2.71,0,1,0,2,2,1,city-college-of-new-york
80,Clemson Tigers,"Clemson, South Carolina",1912,2021,110,2676,1355,1319,.507,5.57,4.24,6,1,1,12,0,0,clemson
81,Cleveland State Vikings,"Cleveland, Ohio",1973,2021,49,1420,699,721,.492,-3.55,-1.65,0,4,2,2,0,0,cleveland-state
82,Coastal Carolina Chanticleers,"Conway, South Carolina",1987,2021,35,1033,527,506,.510,-7.87,-6.18,0,7,5,4,0,0,coastal-carolina
83,Colgate Raiders,"Hamilton, New York",1901,2021,121,2719,1307,1412,.481,-10.39,-5.49,0,5,3,3,0,0,colgate
84,College of Charleston Cougars,"Charleston, South Carolina",1992,2021,30,917,629,288,.686,0.79,-4.10,2,13,4,5,0,0,college-of-charleston
85,College of New Jersey Lions,"Ewing, New Jersey",1900,1900,1,5,3,2,.600,,,0,0,0,,,,college-of-new-jersey
86,Colorado Buffaloes,"Boulder, Colorado",1902,2021,118,2571,1345,1226,.523,5.28,5.93,5,19,1,14,2,0,colorado
87,Colorado College Tigers,"Colorado Springs, Colorado",1915,1937,23,376,233,143,.620,,,0,7,0,,,,colorado-college
88,Colorado School of Mines Orediggers,"Golden, Colorado",1908,1937,28,282,80,202,.284,,,0,2,0,,,,colorado-school-of-mines
89,Colorado State Rams,"Fort Collins, Colorado",1902,2021,117,2577,1292,1285,.501,2.81,2.31,0,6,1,10,0,0,colorado-state
90,Columbia Lions,"New York, New York",1901,2021,121,2648,1308,1340,.494,-7.68,-5.16,2,13,0,3,0,0,columbia
91,Concordia Seminary Preachers,"St. Louis, Missouri",1907,1923,2,16,14,2,.875,,,0,0,0,,,,concordia-seminary
92,Connecticut Huskies,"Storrs, Connecticut",1901,2021,115,2649,1679,970,.634,6.55,1.02,16,27,8,32,5,4,connecticut
93,Coppin State Eagles,"Baltimore, Maryland",1986,2021,36,1072,489,583,.456,-10.99,-7.99,0,10,4,4,0,0,coppin-state
94,Cornell Big Red,"Ithaca, New York",1899,2021,123,2730,1269,1461,.465,-7.80,-4.50,0,8,0,5,0,0,cornell
95,Cotner University ,"Lincoln, Nebraska",1910,1911,2,27,24,3,.889,,,0,0,0,,,,cotner-university
96,Creighton Bluejays,"Omaha, Nebraska",1912,2021,101,2623,1594,1029,.608,3.95,3.40,5,16,12,21,0,0,creighton
97,Cumberland University Bulldogs,"Lebanon, Tennessee",1904,1904,1,4,4,0,1.000,,,0,0,0,,,,cumberland-university
98,Dakota Wesleyan Tigers,"Mitchell, South Dakota",1932,1932,1,20,19,1,.950,,,0,0,0,,,,dakota-wesleyan
99,Dartmouth Big Green,"Hanover, New Hampshire",1900,2021,121,2861,1319,1540,.461,-10.83,-5.14,0,12,0,7,2,0,dartmouth
100,Davidson Wildcats,"Davidson, North Carolina",1909,2021,112,2718,1482,1236,.545,-2.81,-2.88,6,24,13,14,0,0,davidson
101,Dayton Flyers,"Dayton, Ohio",1904,2021,116,2801,1679,1122,.599,6.95,3.17,8,6,2,18,1,0,dayton
102,Delaware Fightin' Blue Hens,"Newark, Delaware",1906,2021,80,1929,956,972,.496,-8.56,-5.96,0,4,5,5,0,0,delaware
103,Delaware State Hornets,"Dover, Delaware",1974,2021,48,1365,536,829,.393,-16.92,-10.08,0,3,1,1,0,0,delaware-state
104,Denison Big Red,"Granville, Ohio",1905,1944,24,362,269,93,.743,,,0,0,0,0,0,0,denison
105,Denver Pioneers,"Denver, Colorado",1904,2021,98,2114,949,1165,.449,-4.15,-0.73,0,4,0,0,0,0,denver
106,DePaul Blue Demons,"Chicago, Illinois",1924,2021,98,2526,1484,1042,.587,6.10,5.87,12,2,0,22,2,0,depaul
107,DePauw Tigers,"Greencastle, Indiana",1916,1932,17,276,182,94,.659,,,0,0,0,,,,depauw
108,Detroit Mercy Titans,"Detroit, Michigan",1910,2021,112,2688,1425,1263,.530,0.00,1.08,2,2,3,6,0,0,detroit-mercy
109,Dickinson College Red Devils,"Carlisle, Pennsylvania",1926,1947,2,34,30,4,.882,,,0,0,0,0,0,0,dickinson-college
110,Dixie State Red Storm,"St. George, Utah",2021,2021,1,6,4,2,.667,-13.47,-1.47,0,0,0,0,0,0,dixie-state
111,Drake Bulldogs,"Des Moines, Iowa",1907,2021,115,2769,1275,1494,.460,1.15,2.84,5,9,1,4,1,0,drake
112,Drexel Dragons,"Philadelphia, Pennsylvania",1895,2021,51,1394,763,631,.547,-3.42,-4.48,0,7,4,4,0,0,drexel
113,Duke Blue Devils,"Durham, North Carolina",1906,2021,116,3099,2204,895,.711,16.10,6.61,49,22,26,43,16,5,duke
114,Duquesne Dukes,"Pittsburgh, Pennsylvania",1914,2021,105,2560,1425,1135,.557,2.01,1.89,7,2,1,5,1,0,duquesne
115,East Carolina Pirates,"Greenville, North Carolina",1967,2021,55,1553,682,871,.439,-4.65,-1.19,0,0,2,2,0,0,east-carolina
116,East Central Tigers,"Ada, Oklahoma",1929,1931,3,74,66,8,.892,,,0,0,0,,,,east-central
117,East Tennessee State Buccaneers,"Johnson City, Tennessee",1959,2021,63,1786,983,803,.550,-4.04,-3.42,1,11,10,10,0,0,east-tennessee-state
118,Eastern Illinois Panthers,"Charleston, Illinois",1982,2021,40,1156,533,623,.461,-7.30,-4.32,0,0,3,2,0,0,eastern-illinois
119,Eastern Kentucky Colonels,"Richmond, Kentucky",1948,2021,71,1897,931,966,.491,-4.68,-2.72,0,7,5,8,0,0,eastern-kentucky
120,Eastern Michigan Eagles,"Ypsilanti, Michigan",1933,2021,49,1425,677,748,.475,-3.32,-0.21,0,5,4,4,0,0,eastern-michigan
121,Eastern Washington Eagles,"Cheney, Washington",1984,2021,38,1089,474,615,.435,-5.92,-2.01,0,4,2,2,0,0,eastern-washington
122,Elon Phoenix,"Elon, North Carolina",2000,2021,22,657,281,376,.428,-8.47,-3.70,0,2,0,0,0,0,elon
123,Emporia State Hornets,"Emporia, Kansas",1934,1934,1,18,17,1,.944,,,0,0,0,,,,emporia-state
124,Evansville Purple Aces,"Evansville, Indiana",1925,2021,48,1347,721,626,.535,1.10,0.92,0,6,4,5,0,0,evansville
125,Fairfield Stags,"Fairfield, Connecticut",1965,2021,57,1616,781,835,.483,-4.57,-3.00,0,3,3,3,0,0,fairfield
126,Fairleigh Dickinson Knights,"Teaneck, New Jersey",1968,2021,54,1502,719,783,.479,-9.98,-6.84,0,6,6,6,0,0,fairleigh-dickinson
127,Florida A&M Rattlers,"Tallahassee, Florida",1980,2021,42,1219,467,752,.383,-15.55,-8.65,0,0,4,3,0,0,florida-am
128,Florida Atlantic Owls,"Boca Raton, Florida",1994,2021,28,812,302,510,.372,-9.24,-3.51,0,1,1,1,0,0,florida-atlantic
129,Florida Gators,"Gainesville, Florida",1921,2021,100,2585,1456,1128,.563,8.07,4.95,15,9,4,22,5,2,florida
130,Florida Gulf Coast Eagles,"Fort Myers, Florida",2011,2021,11,342,194,148,.567,-2.52,-3.33,0,3,3,3,0,0,florida-gulf-coast
131,Florida International Panthers,"Miami, Florida",1988,2021,34,994,405,589,.407,-7.77,-3.33,0,1,1,1,0,0,florida-international
132,Florida State Seminoles,"Tallahassee, Florida",1957,2021,65,1899,1133,766,.597,7.65,4.97,11,3,2,17,1,0,florida-state
133,Fordham Rams,"Bronx, New York",1903,2021,117,2937,1527,1410,.520,-3.20,-0.32,1,4,3,4,0,0,fordham
134,Franklin Grizzlies,"Franklin, Indiana",1907,1925,18,221,144,77,.652,,,0,0,0,,,,franklin
135,Fresno State Bulldogs,"Fresno, California",1956,2021,54,1604,899,705,.560,2.31,1.83,1,6,5,6,0,0,fresno-state
136,Furman Paladins,"Greenville, South Carolina",1920,2021,100,2533,1275,1258,.503,-5.92,-4.12,0,6,6,6,0,0,furman
137,Gardner-Webb Runnin' Bulldogs,"Boiling Springs, North Carolina",2003,2021,19,576,268,308,.465,-7.88,-4.49,0,1,1,1,0,0,gardner-webb
138,Geneva Golden Tornadoes,"Beaver Falls, Pennsylvania",1893,1943,10,125,80,45,.640,,,0,0,0,0,0,0,geneva
139,George Mason Patriots,"Fairfax, Virginia",1979,2021,43,1277,686,591,.537,-1.37,-1.60,0,4,4,6,1,0,george-mason
140,George Washington Colonials,"Washington, D.C.",1913,2021,104,2542,1364,1178,.537,0.12,-0.22,3,7,5,11,0,0,george-washington
141,Georgetown Hoyas,"Washington, D.C.",1907,2021,113,2766,1690,1076,.611,6.73,3.91,20,11,7,30,5,1,georgetown
142,Georgia Bulldogs,"Athens, Georgia",1906,2021,116,2776,1446,1330,.521,4.01,4.80,5,3,3,12,1,0,georgia
143,Georgia Southern Eagles,"Statesboro, Georgia",1972,2021,50,1443,741,702,.514,-6.65,-4.89,0,7,3,3,0,0,georgia-southern
144,Georgia State Panthers,"Atlanta, Georgia",1974,2021,48,1388,619,769,.446,-6.95,-3.71,0,7,5,5,0,0,georgia-state
145,Georgia Tech Yellow Jackets,"Atlanta, Georgia",1920,2021,102,2635,1389,1246,.527,5.61,5.11,8,3,4,16,2,0,georgia-tech
146,Gettysburg Bullets,"Gettysburg, Pennsylvania",1901,1973,41,724,385,339,.532,-15.98,-9.80,0,0,0,0,0,0,gettysburg
147,Gonzaga Bulldogs,"Spokane, Washington",1944,2021,70,2048,1346,702,.657,3.59,-0.23,13,25,18,22,1,0,gonzaga
148,Grambling Tigers,"Grambling, Louisiana",1978,2021,44,1236,464,772,.375,-17.27,-9.24,0,3,0,0,0,0,grambling
149,Grand Canyon Antelopes,"Phoenix, Arizona",2014,2021,8,232,140,92,.603,-0.77,-4.17,0,0,0,0,0,0,grand-canyon
150,Green Bay Phoenix,"Green Bay, Wisconsin",1982,2021,40,1202,657,545,.547,-0.72,-1.04,0,4,4,5,0,0,green-bay
151,Grinnell Pioneers,"Grinnell, Iowa",1901,1939,38,550,280,270,.509,,,0,0,0,0,0,0,grinnell
152,Grove City Wolverines,"Grove City, Pennsylvania",1899,1925,27,383,257,126,.671,,,0,0,0,,,,grove-city
153,Hamline Pipers,"St. Paul, Minnesota",1945,1948,4,102,82,20,.804,,,0,0,0,0,0,0,hamline
154,Hampton Pirates,"Hampton, Virginia",1996,2021,26,785,410,375,.522,-9.10,-8.88,0,4,6,6,0,0,hampton
155,Hardin-Simmons Cowboys,"Abilene, Texas",1923,1990,45,1149,481,668,.419,-11.08,-5.70,0,1,0,2,0,0,hardin-simmons
156,Hartford Hawks,"West Hartford, Connecticut",1985,2021,37,1082,461,621,.426,-8.85,-5.40,0,0,0,0,0,0,hartford
157,Harvard Crimson,"Boston, Massachusetts",1901,2021,110,2512,1174,1338,.467,-8.17,-4.90,0,7,0,5,0,0,harvard
158,Haskell (KS) Fighting Indians,"Lawrence, Kansas",1903,1908,2,39,27,12,.692,,,0,0,0,,,,haskell-indian-nations-institute
159,Hawaii Rainbow Warriors,"Honolulu, Hawaii",1971,2021,51,1471,777,694,.528,2.05,1.87,1,3,4,5,0,0,hawaii
160,High Point Panthers,"High Point, North Carolina",2000,2021,22,648,307,341,.474,-9.21,-6.24,0,4,0,0,0,0,high-point
161,Hiram Terriers,"Hiram, Ohio",1894,1904,8,59,45,14,.763,,,0,0,0,,,,hiram
162,Hofstra Pride,"Hempstead, New York",1943,2021,56,1606,833,773,.519,-5.77,-4.34,0,9,6,4,0,0,hofstra
163,Holy Cross Crusaders,"Worcester, Massachusetts",1901,2021,101,2438,1415,1023,.580,-2.07,-3.87,6,6,7,13,2,1,holy-cross
164,Hope Flying Dutchmen,"Holland, Michigan",1908,1913,5,65,44,21,.677,,,0,0,0,,,,hope
165,Houston Baptist Huskies,"Houston, Texas",1974,2021,27,758,309,449,.408,-11.73,-5.62,0,2,1,1,0,0,houston-baptist
166,Houston Cougars,"Houston, Texas",1951,2021,71,2079,1255,824,.604,5.91,2.75,10,6,6,21,5,0,houston
167,Howard Bison,"Washington, D.C.",1974,2021,48,1355,521,834,.385,-15.23,-9.75,0,4,3,2,0,0,howard
168,Idaho State Bengals,"Pocatello, Idaho",1959,2021,63,1726,757,969,.439,-6.54,-2.67,0,4,2,5,0,0,idaho-state
169,Idaho Vandals,"Moscow, Idaho",1906,2021,116,2886,1352,1532,.469,-4.34,-1.17,1,7,4,4,0,0,idaho
170,Illinois Fighting Illini,"Champaign, Illinois",1906,2021,116,2844,1817,1027,.639,12.96,7.69,27,17,2,30,5,0,illinois
171,Illinois State Redbirds,"Normal, Illinois",1899,2021,62,1581,942,639,.596,3.31,1.70,0,6,4,6,0,0,illinois-state
172,Illinois Wesleyan Titans,"Bloomington, Illinois",1928,1928,1,14,13,1,.929,,,0,0,0,,,,illinois-wesleyan
173,Illinois-Chicago Flames,"Chicago, Illinois",1982,2021,40,1197,577,620,.482,-2.82,-1.29,0,2,2,3,0,0,illinois-chicago
174,Incarnate Word Cardinals,"San Antonio, Texas",2014,2021,8,211,93,118,.441,-13.44,-5.86,0,0,0,0,0,0,incarnate-word
175,Indiana Hoosiers,"Bloomington, Indiana",1901,2021,121,2928,1859,1069,.635,13.93,8.09,28,22,0,39,8,5,indiana
176,Indiana State Sycamores,"Terre Haute, Indiana",1900,2021,99,2208,1137,1071,.515,-0.18,2.00,1,2,3,4,1,0,indiana-state
177,Iona Gaels,"New Rochelle, New York",1954,2021,68,1857,1040,817,.560,-4.14,-3.63,1,11,12,14,0,0,iona
178,Iowa Hawkeyes,"Iowa City, Iowa",1893,2021,124,2869,1682,1186,.586,11.36,7.33,19,8,2,26,3,0,iowa
179,Iowa State Cyclones,"Ames, Iowa",1908,2021,114,2736,1388,1348,.507,6.71,6.32,10,6,6,20,1,0,iowa-state
180,IUPUI Jaguars,"Indianapolis, Indiana",1999,2021,23,689,319,370,.463,-5.39,-2.85,0,1,1,1,0,0,iupui
181,Jackson State Tigers,"Jackson, Mississippi",1978,2021,44,1301,609,692,.468,-11.34,-8.40,0,7,4,3,0,0,jackson-state
182,Jacksonville Dolphins,"Jacksonville, Florida",1967,2021,55,1574,772,802,.490,-3.78,-2.20,2,2,2,5,1,0,jacksonville
183,Jacksonville State Gamecocks,"Jacksonville, Alabama",1996,2021,26,753,328,425,.436,-9.13,-6.41,0,0,1,1,0,0,jacksonville-state
184,James Madison Dukes,"Harrisonburg, Virginia",1977,2021,45,1324,668,656,.505,-2.49,-2.21,0,7,3,5,0,0,james-madison
185,John Carroll Blue Streaks,"University Heights, Ohio",1948,1955,8,191,80,111,.419,-9.26,-0.19,0,0,0,0,0,0,john-carroll
186,Kalamazoo Hornets,"Kalamazoo, Michigan",1908,1923,16,193,134,59,.694,,,0,0,0,,,,kalamazoo
187,Kansas Jayhawks,"Lawrence, Kansas",1899,2021,123,3174,2310,864,.728,15.74,7.18,45,62,15,48,15,3,kansas
188,Kansas State Wildcats,"Manhattan, Kansas",1906,2021,116,2854,1673,1181,.586,10.20,6.24,16,19,2,31,4,0,kansas-state
189,Kennesaw State Owls,"Kennesaw, Georgia",2010,2021,12,352,88,264,.250,-13.88,-2.92,0,0,0,0,0,0,kennesaw-state
190,Kent State Golden Flashes,"Kent, Ohio",1914,2021,102,2440,1207,1233,.495,-1.89,-0.26,0,9,6,6,0,0,kent-state
191,Kentucky Wesleyan Panthers,"Owensboro, Kentucky",1957,1958,2,52,30,22,.577,-4.61,-2.27,0,0,0,0,0,0,kentucky-wesleyan
192,Kentucky Wildcats,"Lexington, Kentucky",1903,2021,118,3039,2322,719,.764,17.51,6.72,53,56,33,59,17,8,kentucky
193,La Salle Explorers,"Philadelphia, Pennsylvania",1932,2021,90,2405,1393,1012,.579,2.70,0.63,6,9,8,12,2,1,la-salle
194,Lafayette Leopards,"Easton, Pennsylvania",1901,2021,111,2636,1353,1283,.513,-8.02,-6.89,0,17,3,4,0,0,lafayette
195,Lake Forest Foresters,"Lake Forest, Illinois",1905,1916,12,144,89,55,.618,,,0,0,0,,,,lake-forest
196,Lamar Cardinals,"Beaumont, Texas",1970,2021,52,1496,764,732,.511,-5.02,-4.02,0,9,4,6,0,0,lamar
197,Latter Day Saints University ,"Salt Lake City, Utah",1903,1903,1,16,15,1,.938,,,0,0,0,,,,latter-day-saints-university
198,Lawrence Vikings,"Appleton, Wisconsin",1948,1948,1,28,22,6,.786,,,0,0,0,0,0,0,lawrence
199,Lehigh Mountain Hawks,"Bethlehem, Pennsylvania",1902,2021,120,2555,1119,1436,.438,-12.82,-7.31,0,4,5,5,0,0,lehigh
200,Lewis Institute ,"Chicago, Illinois",1905,1905,1,25,20,5,.800,,,0,0,0,,,,lewis-university
201,Liberty Flames,"Lynchburg, Virginia",1989,2021,33,1002,492,510,.491,-9.19,-6.79,0,4,5,4,0,0,liberty
202,Lipscomb Bisons,"Nashville, Tennessee",2004,2021,18,543,288,255,.530,-5.43,-4.14,0,3,1,1,0,0,lipscomb
203,Little Rock Trojans,"Little Rock, Arkansas",1979,2021,43,1270,703,567,.554,-3.09,-3.46,0,13,5,5,0,0,arkansas-little-rock
204,Long Island University Sharks,"Brooklyn, New York",1929,2021,76,2022,1128,892,.558,-9.33,-6.56,1,9,6,7,0,0,long-island-university
205,Longwood Lancers,"Farmville, Virginia",2008,2021,14,426,142,284,.333,-15.37,-5.45,0,0,0,0,0,0,longwood
206,Louisiana Ragin' Cajuns,"Lafayette, Louisiana",1972,2021,50,1433,832,601,.581,0.44,-1.26,2,10,7,10,0,0,louisiana-lafayette
207,Louisiana State Fighting Tigers,"Baton Rouge, Louisiana",1909,2021,113,2787,1589,1198,.570,5.80,4.39,13,12,1,22,4,0,louisiana-state
208,Louisiana Tech Bulldogs,"Ruston, Louisiana",1974,2021,48,1421,825,596,.581,-0.11,-1.72,1,10,6,5,0,0,louisiana-tech
209,Louisiana-Monroe Warhawks,"Monroe, Louisiana",1974,2021,48,1395,726,669,.520,-4.84,-4.45,0,10,8,7,0,0,louisiana-monroe
210,Louisville Cardinals,"Louisville, Kentucky",1912,2021,107,2813,1876,937,.667,13.53,6.48,35,23,17,43,10,3,louisville
211,Loyola (IL) Ramblers,"Chicago, Illinois",1921,2021,100,2527,1351,1176,.535,0.07,1.43,5,6,2,6,2,1,loyola-il
212,Loyola (LA) Wolfpack,"New Orleans, Louisiana",1952,1972,20,499,237,262,.475,-6.45,0.25,0,0,0,2,0,0,loyola-la
213,Loyola (MD) Greyhounds,"Baltimore, Maryland",1908,2021,77,1769,808,961,.457,-9.06,-4.75,0,0,2,2,0,0,loyola-md
214,Loyola Marymount Lions,"Los Angeles, California",1943,2021,74,2028,883,1145,.435,-4.07,0.37,2,3,2,5,0,0,loyola-marymount
215,Macalester Scots,"St. Paul, Minnesota",1896,1899,4,21,8,13,.381,,,0,0,0,,,,macalester
216,Maine Black Bears,"Orono, Maine",1904,2021,77,1836,809,1027,.441,-12.15,-7.22,0,0,0,0,0,0,maine
217,Manchester Spartans,"North Manchester, Indiana",1926,1926,1,16,15,1,.938,,,0,0,0,,,,manchester
218,Manhattan Jaspers,"Riverdale, New York",1905,2021,115,2650,1380,1270,.521,-3.67,-2.62,0,13,5,8,0,0,manhattan
219,Marietta Pioneers,"Marietta, Ohio",1908,1920,13,175,109,66,.623,,,0,0,0,,,,marietta
220,Marist Red Foxes,"Poughkeepsie, New York",1982,2021,40,1163,508,655,.437,-7.49,-5.72,0,5,2,2,0,0,marist
221,Marquette Golden Eagles,"Milwaukee, Wisconsin",1917,2021,104,2681,1657,1024,.618,9.05,4.74,22,3,1,33,3,1,marquette
222,Marshall Thundering Herd,"Huntington, West Virginia",1919,2021,97,2502,1431,1069,.572,-0.89,-1.27,1,6,4,6,0,0,marshall
223,Maryland Terrapins,"College Park, Maryland",1924,2021,98,2639,1593,1046,.604,10.15,5.35,24,7,4,28,2,1,maryland
224,Maryland-Baltimore County Retrievers,"Baltimore, Maryland",1987,2021,35,1017,411,606,.404,-11.07,-6.64,0,2,2,2,0,0,maryland-baltimore-county
225,Maryland-Eastern Shore Hawks,"Princess Anne, Maryland",1974,2021,42,1187,339,848,.286,-20.01,-9.49,0,1,1,0,0,0,maryland-eastern-shore
226,Massachusetts Institute of Technology Engineers,"Cambridge, Massachusetts",1909,1909,1,16,10,6,.625,,,0,0,0,,,,massachusetts-institute-of-technology
227,Massachusetts Minutemen,"Amherst, Massachusetts",1926,2021,62,1768,961,807,.544,0.77,-0.23,5,15,5,9,1,0,massachusetts
228,Massachusetts-Lowell River Hawks,"Lowell, Massachusetts",1906,2021,9,238,103,135,.433,-10.25,-5.12,0,0,0,0,0,0,massachusetts-lowell
229,McNeese State Cowboys,"Lake Charles, Louisiana",1974,2021,48,1368,653,715,.477,-7.63,-4.81,0,6,2,2,0,0,mcneese-state
230,Memphis Tigers,"Memphis, Tennessee",1956,2021,66,1986,1325,661,.667,8.62,3.55,16,18,11,25,3,0,memphis
231,Mercer Bears,"Macon, Georgia",1974,2021,48,1396,670,726,.480,-7.60,-5.20,0,3,3,3,0,0,mercer
232,Merchant Marine Academy Mariners,"King's Point, New York",1946,1947,2,39,13,26,.333,,,0,0,0,0,0,0,merchant-marine-academy
233,Merrimack Warriors,"North Andover, Massachusetts",2020,2021,2,31,20,11,.645,-6.93,-6.53,0,1,0,0,0,0,merrimack
234,Miami (FL) Hurricanes,"Coral Gables, Florida",1949,2021,58,1651,943,708,.571,3.25,3.37,7,2,1,10,0,0,miami-fl
235,Miami (OH) RedHawks,"Oxford, Ohio",1906,2021,116,2622,1404,1218,.535,2.03,0.92,1,18,4,17,0,0,miami-oh
236,Michigan State Spartans,"East Lansing, Michigan",1899,2021,122,2850,1746,1104,.613,11.62,7.62,25,16,6,33,10,2,michigan-state
237,Michigan Wolverines,"Ann Arbor, Michigan",1918,2021,104,2695,1644,1051,.610,10.94,7.72,22,14,3,29,8,1,michigan
238,Middle Tennessee Blue Raiders,"Murfreesboro, Tennessee",1959,2021,63,1775,978,797,.551,-3.99,-2.80,0,11,7,9,0,0,middle-tennessee
239,Millikin Big Blue,"Decatur, Illinois",1910,1921,12,210,150,60,.714,,,0,0,0,,,,millikin
240,Millsaps Majors,"Jackson, Mississippi",1911,1921,11,116,59,57,.509,,,0,0,0,,,,millsaps
241,Milwaukee Panthers,"Milwaukee, Wisconsin",1974,2021,38,1100,537,563,.488,-3.85,-1.55,0,4,4,4,0,0,milwaukee
242,Minnesota A&M Aggies,"St. Paul, Minnesota",1896,1903,4,30,27,3,.900,,,0,0,0,,,,minnesota-am
243,Minnesota Golden Gophers,"Minneapolis, Minnesota",1896,2021,126,2910,1673,1235,.575,9.87,7.61,10,9,0,14,1,0,minnesota
244,Mississippi Rebels,"University, Mississippi",1909,2021,111,2670,1333,1335,.500,2.62,4.26,2,3,2,9,0,0,mississippi
245,Mississippi State Bulldogs,"Mississippi State, Mississippi",1909,2021,109,2664,1451,1213,.545,4.20,4.25,11,12,5,11,1,0,mississippi-state
246,Mississippi Valley State Delta Devils,"Itta Bena, Mississippi",1980,2021,42,1218,478,740,.392,-14.90,-8.71,0,7,5,5,0,0,mississippi-valley-state
247,Missouri State Bears,"Springfield, Missouri",1983,2021,39,1204,710,494,.590,4.34,1.14,0,5,3,6,0,0,missouri-state
248,Missouri Tigers,"Columbia, Missouri",1907,2021,115,2845,1662,1183,.584,8.92,6.19,14,15,8,27,0,0,missouri
249,Missouri-Kansas City Kangaroos,"Kansas City, Missouri",1990,2021,32,932,396,536,.425,-6.83,-3.08,0,0,0,0,0,0,missouri-kansas-city
250,Monmouth Hawks,"West Long Branch, New Jersey",1984,2021,38,1116,533,583,.478,-7.46,-6.00,0,4,4,4,0,0,monmouth
251,Montana Grizzlies,"Missoula, Montana",1912,2021,106,2676,1458,1218,.545,-2.35,-2.53,0,13,11,12,0,0,montana
252,Montana State Bobcats,"Bozeman, Montana",1902,2021,110,2655,1446,1209,.545,-5.33,-2.71,0,10,2,2,0,0,montana-state
253,Morehead State Eagles,"Morehead, Kentucky",1956,2021,66,1815,901,914,.496,-5.90,-3.45,0,9,4,7,0,0,morehead-state
254,Morgan State Bears,"Baltimore, Maryland",1985,2021,37,1071,396,675,.370,-15.13,-8.90,0,3,2,2,0,0,morgan-state
255,Morris Brown Wolverines,"Atlanta, Georgia",2002,2003,2,57,13,44,.228,-25.82,-6.03,0,0,0,0,0,0,morris-brown
256,Mount St. Mary's Mountaineers,"Emmitsburg, Maryland",1989,2021,33,961,416,545,.433,-8.91,-6.06,0,2,5,5,0,0,mount-st-marys
257,Mount Union Purple Raiders,"Alliance, Ohio",1896,1932,37,493,314,179,.637,,,0,0,0,,,,mount-union
258,Muhlenburg Mules,"Allentown, Pennsylvania",1901,1963,56,1064,579,484,.545,-10.33,-4.35,0,3,0,0,0,0,muhlenburg
259,Murray State Racers,"Murray, Kentucky",1954,2021,68,1928,1224,704,.635,-0.63,-3.25,2,28,16,17,0,0,murray-state
260,Muskingum Fighting Muskies,"New Concord, Ohio",1905,1927,3,48,44,4,.917,,,0,0,0,,,,muskingum
261,Navy Midshipmen,"Annapolis, Maryland",1908,2021,114,2496,1414,1082,.567,-4.88,-3.96,1,8,6,11,0,0,navy
262,Nebraska Cornhuskers,"Lincoln, Nebraska",1897,2021,125,2923,1526,1397,.522,5.64,6.14,2,7,1,7,0,0,nebraska
263,Nebraska Wesleyan Prairie Wolves,"Lincoln, Nebraska",1906,1917,12,188,134,54,.713,,,0,0,0,,,,nebraska-wesleyan
264,Nevada Wolf Pack,"Reno, Nevada",1913,2021,66,1738,981,757,.564,0.36,1.07,4,12,5,9,0,0,nevada
265,Nevada-Las Vegas Rebels,"Las Vegas, Nevada",1970,2021,52,1614,1118,496,.693,9.15,3.27,16,13,11,20,4,1,nevada-las-vegas
266,New Hampshire Wildcats,"Durham, New Hampshire",1927,2021,69,1757,608,1149,.346,-14.53,-7.00,0,1,0,0,0,0,new-hampshire
267,New Mexico Lobos,"Albuquerque, New Mexico",1900,2021,115,2624,1519,1105,.579,3.77,2.23,11,12,6,15,0,0,new-mexico
268,New Mexico State Aggies,"Las Cruces, New Mexico",1905,2021,111,2648,1566,1080,.592,1.09,-0.45,5,20,12,25,1,0,new-mexico-state
269,New Orleans Privateers,"New Orleans, Louisiana",1976,2021,44,1274,688,586,.540,-2.61,-2.30,2,8,4,5,0,0,new-orleans
270,New York University Violets,"New York, New York",1907,1971,65,1184,725,459,.612,-0.44,-0.12,2,6,0,6,2,0,new-york-university
271,Newberry Wolves,"Newberry, South Carolina",1921,1921,1,4,2,2,.500,,,0,0,0,,,,newberry
272,Niagara Purple Eagles,"Niagara University, New York",1906,2021,115,2756,1487,1268,.540,-3.01,-1.86,2,10,2,3,0,0,niagara
273,Nicholls State Colonels,"Thibodaux, Louisiana",1981,2021,41,1145,470,675,.410,-11.83,-5.80,0,3,2,2,0,0,nicholls-state
274,NJIT Highlanders,"Newark, New Jersey",2010,2021,12,351,169,182,.481,-9.47,-6.42,0,1,0,0,0,0,njit
275,Norfolk State Spartans,"Norfolk, Virginia",1998,2021,24,722,346,376,.479,-11.13,-8.57,0,2,1,1,0,0,norfolk-state
276,North Alabama Lions,"Florence, Alabama",2019,2021,3,68,27,41,.397,-13.03,-2.20,0,0,0,0,0,0,north-alabama
277,North Carolina A&T Aggies,"Greensboro, North Carolina",1974,2021,48,1399,678,721,.485,-12.76,-9.70,0,11,14,10,0,0,north-carolina-at
278,North Carolina Central Eagles,"Durham, North Carolina",2011,2021,11,330,201,129,.609,-6.49,-8.00,0,4,4,4,0,0,north-carolina-central
279,North Carolina State Wolfpack,"Raleigh, North Carolina",1913,2021,109,2844,1763,1081,.620,11.04,5.80,17,13,17,27,3,2,north-carolina-state
280,North Carolina Tar Heels,"Chapel Hill, North Carolina",1911,2021,111,3103,2281,822,.735,15.70,6.91,51,39,26,50,20,6,north-carolina
281,North Carolina-Asheville Bulldogs,"Asheville, North Carolina",1987,2021,35,1028,492,536,.479,-9.71,-5.63,0,7,5,4,0,0,north-carolina-asheville
282,North Carolina-Greensboro Spartans,"Greensboro, North Carolina",1992,2021,30,896,429,467,.479,-6.25,-4.31,0,6,3,3,0,0,north-carolina-greensboro
283,North Carolina-Wilmington Seahawks,"Wilmington, North Carolina",1977,2021,45,1319,678,641,.514,-2.92,-2.61,0,8,6,6,0,0,north-carolina-wilmington
284,North Central Cardinals,"Naperville, Illinois",1911,1922,8,115,78,37,.678,,,0,0,0,,,,north-central
285,North Dakota Fighting Hawks,"Grand Forks, North Dakota",1905,2021,28,528,307,221,.581,-7.85,-3.90,0,1,3,1,0,0,north-dakota
286,North Dakota State Bison,"Fargo, North Dakota",1898,2021,42,780,538,242,.690,-0.10,-2.65,0,4,5,4,0,0,north-dakota-state
287,North Florida Ospreys,"Jacksonville, Florida",2010,2021,12,373,186,187,.499,-5.92,-1.95,0,3,1,1,0,0,north-florida
288,North Texas Mean Green,"Denton, Texas",1922,2021,66,1801,805,996,.447,-4.73,-0.44,0,4,3,3,0,0,north-texas
289,Northeastern Huskies,"Boston, Massachusetts",1938,2021,58,1579,827,752,.524,-4.39,-4.08,0,13,9,9,0,0,northeastern
290,Northeastern Illinois Golden Eagles,"Chicago, Illinois",1991,1998,8,216,78,138,.361,-14.90,-6.67,0,0,0,0,0,0,northeastern-illinois
291,Northern Arizona Lumberjacks,"Flagstaff, Arizona",1919,2021,82,1945,882,1063,.453,-8.13,-2.99,0,6,2,2,0,0,northern-arizona
292,Northern Colorado Bears,"Greeley, Colorado",1911,2021,42,773,418,355,.541,-4.35,-4.15,0,3,1,1,0,0,northern-colorado
293,Northern Illinois Huskies,"De Kalb, Illinois",1927,2021,55,1525,688,837,.451,-4.09,-1.11,0,3,2,3,0,0,northern-illinois
294,Northern Iowa Panthers,"Cedar Falls, Iowa",1981,2021,41,1224,648,576,.529,1.10,1.62,1,3,6,8,0,0,northern-iowa
295,Northern Kentucky Norse,"Highland Heights, Kentucky",2013,2021,9,260,142,118,.546,-3.19,-3.88,0,2,3,2,0,0,northern-kentucky
296,Northwest Missouri State Bearcats,"Maryville, Missouri",1930,1932,3,97,89,8,.918,,,0,0,0,,,,northwest-missouri-state
297,Northwestern State Demons,"Natchitoches, Louisiana",1977,2021,45,1285,565,720,.440,-9.95,-5.40,0,3,3,3,0,0,northwestern-state
298,Northwestern Wildcats,"Evanston, Illinois",1905,2021,116,2648,1102,1545,.416,3.51,7.36,0,2,0,1,0,0,northwestern
299,Notre Dame Fighting Irish,"Notre Dame, Indiana",1897,2021,117,2953,1905,1047,.645,9.98,5.74,25,1,1,36,1,0,notre-dame
300,Oakland Golden Grizzlies,"Rochester, Michigan",2000,2021,22,693,371,322,.535,-1.55,-1.00,0,4,3,3,0,0,oakland
301,Oberlin Yeomen,"Oberlin, Ohio",1905,1921,7,82,61,21,.744,,,0,0,0,,,,oberlin
302,Ohio Bobcats,"Athens, Ohio",1908,2021,114,2726,1552,1174,.569,0.55,-0.18,0,10,6,13,0,0,ohio
303,Ohio State Buckeyes,"Columbus, Ohio",1899,2021,122,2928,1797,1131,.614,11.80,7.36,23,22,5,33,11,1,ohio-state
304,Ohio Wesleyan Battling Bishops,"Delaware, Ohio",1929,1935,2,40,35,5,.875,,,0,0,0,,,,ohio-wesleyan
305,Oklahoma City Chiefs,"Oklahoma City, Oklahoma",1951,1985,35,948,530,418,.559,0.45,-0.93,3,0,1,11,0,0,oklahoma-city
306,Oklahoma Sooners,"Norman, Oklahoma",1908,2021,114,2807,1710,1097,.609,9.64,6.40,19,14,7,32,5,0,oklahoma
307,Oklahoma State Cowboys,"Stillwater, Oklahoma",1908,2021,112,2878,1685,1193,.585,8.75,5.77,18,19,4,28,6,2,oklahoma-state
308,Old Dominion Monarchs,"Norfolk, Virginia",1977,2021,45,1389,846,543,.609,3.17,-0.03,0,9,7,12,0,0,old-dominion
309,Omaha Mavericks,"Omaha, Nebraska",2013,2021,9,263,124,139,.471,-5.99,-1.63,0,0,0,0,0,0,nebraska-omaha
310,Oral Roberts Golden Eagles,"Tulsa, Oklahoma",1972,2021,46,1355,758,597,.559,0.49,-0.85,2,7,5,5,0,0,oral-roberts
311,Oregon Ducks,"Eugene, Oregon",1903,2021,116,3071,1699,1372,.553,6.22,5.77,6,7,5,16,2,1,oregon
312,Oregon State Beavers,"Corvallis, Oregon",1902,2021,120,3139,1783,1356,.568,6.01,5.36,8,12,0,17,2,0,oregon-state
313,Pacific Tigers,"Stockton, California",1938,2021,71,1986,1010,976,.509,-1.20,-0.19,1,10,5,9,0,0,pacific
314,Penn State Nittany Lions,"University Park, Pennsylvania",1897,2021,125,2702,1500,1201,.555,2.63,2.26,2,1,1,9,1,0,penn-state
315,Pennsylvania Quakers,"Philadelphia, Pennsylvania",1897,2021,120,2922,1801,1120,.617,0.16,-3.00,6,38,1,24,1,0,pennsylvania
316,Pepperdine Waves,"Malibu, California",1944,2021,67,1907,948,959,.497,-2.30,0.13,1,12,3,13,0,0,pepperdine
317,Phillips Haymakers,"Enid, Oklahoma",1920,1920,1,3,2,1,.667,,,0,0,0,,,,phillips
318,Pittsburg State Gorillas,"Pittsburg, Kansas",1927,1931,5,103,86,17,.835,,,0,0,0,,,,pittsburg-state
319,Pittsburgh Panthers,"Pittsburgh, Pennsylvania",1906,2021,114,2826,1636,1190,.579,5.24,4.10,13,11,4,26,1,0,pittsburgh
320,Portland Pilots,"Portland, Oregon",1954,2021,68,1906,801,1105,.420,-5.41,0.58,0,0,1,2,0,0,portland
321,Portland State Vikings,"Portland, Oregon",1973,2021,32,906,444,462,.490,-6.08,-2.89,0,2,2,2,0,0,portland-state
322,Prairie View Panthers,"Prairie View, Texas",1981,2021,41,1171,349,822,.298,-20.39,-7.89,0,3,2,2,0,0,prairie-view
323,Pratt Institute Cannoneers,"Brooklyn, New York",1934,1934,1,14,8,6,.571,,,0,0,0,,,,pratt-institute
324,Presbyterian Blue Hose,"Clinton, South Carolina",2011,2021,11,323,111,212,.344,-14.18,-5.95,0,0,0,0,0,0,presbyterian
325,Princeton Tigers,"Princeton, New Jersey",1901,2021,121,2865,1761,1103,.615,1.38,-3.57,4,30,1,25,1,0,princeton
326,Providence Friars,"Providence, Rhode Island",1929,2021,72,2063,1261,802,.611,7.55,4.36,6,0,2,20,2,0,providence
327,Purdue Boilermakers,"West Lafayette, Indiana",1897,2021,123,2884,1844,1040,.639,11.86,7.67,22,24,1,31,2,0,purdue
328,Purdue-Fort Wayne Mastodons,"Fort Wayne, Indiana",2003,2021,19,569,265,304,.466,-6.34,-2.69,0,1,0,0,0,0,ipfw
329,Quinnipiac Bobcats,"Hamden, Connecticut",1999,2021,23,664,316,348,.476,-8.07,-6.55,0,1,0,0,0,0,quinnipiac
330,Radford Highlanders,"Radford, Virginia",1985,2021,37,1093,570,523,.522,-8.94,-6.98,0,6,3,3,0,0,radford
331,Regis (CO) Rangers,"Denver, Colorado",1962,1964,3,66,37,29,.561,-4.77,0.04,0,0,0,0,0,0,regis-co
332,Rensselaer Engineers,"Troy, New York",1901,1924,4,39,28,11,.718,,,0,0,0,,,,rensselaer
333,Rhode Island Rams,"Kingston, Rhode Island",1904,2021,115,2690,1540,1150,.572,-0.95,-0.53,0,15,2,10,0,0,rhode-island
334,Rice Owls,"Houston, Texas",1915,2021,107,2596,1136,1460,.438,-3.33,0.55,0,10,0,4,0,0,rice
335,Richmond Spiders,"Richmond, Virginia",1913,2021,109,2625,1404,1221,.535,-2.01,-1.40,1,6,6,9,0,0,richmond
336,Rider Broncs,"Lawrenceville, New Jersey",1929,2021,58,1628,857,771,.526,-7.53,-6.09,0,12,3,3,0,0,rider
337,Ripon Red Hawks,"Ripon, Wisconsin",1902,1922,5,59,46,13,.780,,,0,0,0,,,,ripon
338,Roanoke Maroons,"Salem, Virginia",1912,1919,8,92,67,25,.728,,,0,0,0,,,,roanoke
339,Robert Morris Colonials,"Moon Township, Pennsylvania",1977,2021,45,1324,652,672,.492,-8.71,-6.70,0,11,9,8,0,0,robert-morris
340,Rochester (NY) Yellowjackets,"Rochester, New York",1910,1944,7,111,74,37,.667,,,0,0,0,0,0,0,rochester-ny
341,Rose-Hulman Fightin' Engineers,"Terre Haute, Indiana",1898,1898,1,4,2,2,.500,,,0,0,0,,,,rose-hulman
342,Rutgers Scarlet Knights,"New Brunswick, New Jersey",1914,2021,107,2492,1267,1225,.508,-0.65,0.75,2,9,2,6,1,0,rutgers
343,Sacramento State Hornets,"Sacramento, California",1992,2021,30,835,263,572,.315,-12.03,-3.31,0,0,0,0,0,0,sacramento-state
344,Sacred Heart Pioneers,"Fairfield, Connecticut",2000,2021,22,635,246,389,.387,-11.09,-6.83,0,0,0,0,0,0,sacred-heart
345,Saint Francis (PA) Red Flash,"Loretto, Pennsylvania",1956,2021,66,1780,801,979,.450,-9.09,-4.31,0,2,1,1,0,0,saint-francis-pa
346,Saint Joseph's Hawks,"Philadelphia, Pennsylvania",1910,2021,112,2813,1652,1161,.587,3.78,2.00,6,20,6,21,1,0,saint-josephs
347,Saint Louis Billikens,"St. Louis, Missouri",1916,2021,105,2693,1461,1232,.543,5.23,3.93,10,7,3,10,0,0,saint-louis
348,Saint Mary's (CA) Gaels,"Moraga, California",1910,2021,112,2625,1376,1249,.524,-0.87,0.30,4,7,4,10,0,0,saint-marys-ca
349,Saint Peter's Peacocks,"Jersey City, New Jersey",1966,2021,56,1586,786,800,.496,-4.98,-3.94,0,6,3,3,0,0,saint-peters
350,Sam Houston State Bearkats,"Huntsville, Texas",1987,2021,35,1026,538,488,.524,-7.00,-5.01,0,6,2,2,0,0,sam-houston-state
351,Samford Bulldogs,"Birmingham, Alabama",1973,2021,49,1401,608,793,.434,-8.92,-5.22,0,3,2,2,0,0,samford
352,San Diego State Aztecs,"San Diego, California",1971,2021,51,1517,833,684,.549,3.85,3.40,4,9,7,12,0,0,san-diego-state
353,San Diego Toreros,"San Diego, California",1980,2021,42,1218,601,617,.493,-0.59,0.56,0,2,2,4,0,0,san-diego
354,San Francisco Dons,"San Francisco, California",1924,2021,94,2443,1415,1028,.579,2.42,0.63,9,15,1,16,3,2,san-francisco
355,San Jose State Spartans,"San Jose, California",1938,2021,71,1927,762,1165,.395,-4.47,0.88,0,1,2,2,0,0,san-jose-state
356,Santa Clara Broncos,"Santa Clara, California",1909,2021,112,2642,1515,1127,.573,1.32,0.52,2,11,2,11,1,0,santa-clara
357,Savage School of Physical Education ,"New York, New York",1896,1898,2,8,6,2,.750,,,0,0,0,,,,savage-school-of-physical-education
358,Savannah State Tigers,"Savannah, Georgia",2003,2019,17,513,189,324,.368,-16.73,-5.37,0,2,0,0,0,0,savannah-state
359,Scranton Royals,"Scranton, Pennsylvania",1948,1948,1,27,7,20,.259,,,0,0,0,0,0,0,scranton
360,Seattle Redhawks,"Seattle, Washington",1953,2021,39,1076,632,444,.587,0.73,-1.40,5,0,0,11,1,0,seattle
361,Seton Hall Pirates,"South Orange, New Jersey",1909,2021,108,2641,1543,1097,.584,3.80,3.65,8,4,3,13,1,0,seton-hall
362,Sewanee Tigers,"Sewanee, Tennessee",1923,1941,19,248,48,200,.194,,,0,0,0,0,0,0,sewanee
363,Siena Saints,"Loudonville, New York",1939,2021,63,1713,939,774,.548,-3.89,-3.29,1,10,6,6,0,0,siena
364,South Alabama Jaguars,"Mobile, Alabama",1972,2021,50,1448,814,634,.562,-0.95,-1.70,0,12,5,8,0,0,south-alabama
365,South Carolina Gamecocks,"Columbia, South Carolina",1909,2021,113,2717,1446,1270,.532,4.23,3.51,8,7,2,9,1,0,south-carolina
366,South Carolina State Bulldogs,"Orangeburg, South Carolina",1972,2021,50,1460,698,762,.478,-13.54,-10.38,0,8,5,5,0,0,south-carolina-state
367,South Carolina Upstate Spartans,"Spartanburg, South Carolina",2011,2021,11,339,139,200,.410,-9.02,-3.70,0,0,0,0,0,0,south-carolina-upstate
368,South Dakota Coyotes,"Vermillion, South Dakota",2011,2021,11,327,166,161,.508,-4.15,-2.98,0,1,0,0,0,0,south-dakota
369,South Dakota State Jackrabbits,"Brookings, South Dakota",2009,2021,13,408,264,144,.647,2.07,-2.22,0,6,5,5,0,0,south-dakota-state
370,South Florida Bulls,"Tampa, Florida",1974,2021,48,1404,643,761,.458,1.36,3.10,0,1,1,3,0,0,south-florida
371,Southeast Missouri State Redhawks,"Cape Girardeau, Missouri",1992,2021,30,868,357,511,.411,-8.86,-4.85,0,1,1,1,0,0,southeast-missouri-state
372,Southeastern Louisiana Lions,"Hammond, Louisiana",1981,2021,40,1139,492,647,.432,-11.03,-6.20,0,5,1,1,0,0,southeastern-louisiana
373,Southern California Trojans,"Los Angeles, California",1907,2021,115,2871,1647,1224,.574,8.06,6.21,9,7,1,18,2,0,southern-california
374,Southern Illinois Salukis,"Carbondale, Illinois",1968,2021,54,1590,885,705,.557,2.66,2.00,1,9,5,10,0,0,southern-illinois
375,Southern Illinois-Edwardsville Cougars,"Edwardsville, Illinois",2011,2021,11,299,92,207,.308,-12.52,-4.02,0,0,0,0,0,0,southern-illinois-edwardsville
376,Southern Jaguars,"Baton Rouge, Louisiana",1978,2021,44,1283,666,617,.519,-10.31,-9.48,0,8,9,9,0,0,southern
377,Southern Methodist Mustangs,"Dallas, Texas",1917,2021,105,2608,1371,1237,.526,2.67,1.78,5,15,3,12,1,0,southern-methodist
378,Southern Mississippi Golden Eagles,"Hattiesburg, Mississippi",1967,2021,50,1452,754,698,.519,0.43,1.64,1,2,0,3,0,0,southern-mississippi
379,Southern Utah Thunderbirds,"Cedar City, Utah",1989,2021,33,945,405,540,.429,-7.22,-3.65,0,2,3,1,0,0,southern-utah
380,Southwestern (KS) Moundbuilders,"Winfield, Kansas",1905,1923,19,289,212,77,.734,,,0,0,0,,,,southwestern-ks
381,Southwestern (TX) Pirates,"Georgetown, Texas",1915,1916,2,10,1,9,.100,,,0,0,0,,,,southwestern-tx
382,Springfield Pride,"Springfield, Massachusetts",1897,1935,30,406,268,138,.660,,,0,0,0,,,,springfield
383,St. Bonaventure Bonnies,"St. Bonaventure, New York",1920,2021,101,2435,1384,1051,.568,2.17,1.62,6,7,1,7,1,0,st-bonaventure
384,St. Francis (NY) Terriers,"Brooklyn Heights, New York",1902,2021,102,2545,1242,1303,.488,-11.59,-5.58,0,6,0,0,0,0,st-francis-ny
385,St. John's (NY) Red Storm,"Queens, New York",1908,2021,114,2972,1923,1049,.647,8.40,5.01,15,14,3,30,2,0,st-johns-ny
386,St. John's College (OH) ,"Toledo, Ohio",1921,1921,1,15,15,0,1.000,,,0,0,0,,,,st-johns-college-oh
387,St. Lawrence Saints,"Canton, New York",1902,1914,7,99,70,29,.707,,,0,0,0,,,,st-lawrence
388,Stanford Cardinal,"Stanford, California",1914,2021,106,2732,1554,1178,.569,7.93,6.08,10,11,1,17,2,1,stanford
389,Stephen F. Austin Lumberjacks,"Nacogdoches, Texas",1987,2021,35,1009,581,428,.576,-5.92,-6.72,0,9,5,5,0,0,stephen-f-austin
390,Stetson Hatters,"DeLand, Florida",1972,2021,50,1412,639,773,.453,-8.38,-4.33,0,0,0,0,0,0,stetson
391,Stevens Institute Ducks,"Hoboken, New Jersey",1917,1920,4,48,37,11,.771,,,0,0,0,,,,stevens-institute
392,Stony Brook Seawolves,"Stony Brook, New York",2000,2021,22,660,337,323,.511,-6.26,-5.40,0,4,1,1,0,0,stony-brook
393,SUNY-Potsdam Bears,"Potsdam, New York",1910,1913,2,32,22,10,.688,,,0,0,0,,,,suny-potsdam
394,Swarthmore Garnet,"Swarthmore, Pennsylvania",1906,1919,11,133,92,41,.692,,,0,0,0,,,,swarthmore
395,Syracuse Orange,"Syracuse, New York",1901,2021,120,2952,2029,923,.687,9.78,3.89,30,10,5,40,6,1,syracuse
396,Tarleton State Texans,"Stephenville, Texas",2021,2021,1,4,2,2,.500,-8.11,5.89,0,0,0,0,0,0,tarleton-state
397,Temple Owls,"Philadelphia, Pennsylvania",1895,2021,125,3039,1941,1098,.639,6.34,2.68,9,20,10,33,2,0,temple
398,Tennessee State Tigers,"Nashville, Tennessee",1978,2021,44,1244,530,714,.426,-8.72,-4.67,0,2,2,2,0,0,tennessee-state
399,Tennessee Tech Golden Eagles,"Cookeville, Tennessee",1944,2021,67,1815,886,929,.488,-6.71,-3.55,0,7,1,2,0,0,tennessee-tech
400,Tennessee Volunteers,"Knoxville, Tennessee",1909,2021,112,2748,1680,1066,.612,8.67,5.16,13,13,4,22,0,0,tennessee
401,Tennessee-Martin Skyhawks,"Martin, Tennessee",1993,2021,29,836,317,519,.379,-11.38,-4.15,0,1,0,0,0,0,tennessee-martin
402,Texas A&M Aggies,"College Station, Texas",1913,2021,109,2737,1446,1291,.528,2.46,2.44,4,12,2,14,0,0,texas-am
403,Texas A&M-Corpus Christi Islanders,"Corpus Christi, Texas",2003,2021,19,567,290,277,.511,-6.60,-4.51,0,1,1,1,0,0,texas-am-corpus-christi
404,Texas Christian Horned Frogs,"Fort Worth, Texas",1914,2021,108,2667,1248,1419,.468,0.31,1.96,3,11,0,8,0,0,texas-christian
405,Texas Longhorns,"Austin, Texas",1906,2021,115,2915,1816,1099,.623,6.45,3.69,11,25,2,34,3,0,texas
406,Texas Southern Tigers,"Houston, Texas",1978,2021,44,1292,641,651,.496,-10.39,-8.06,0,12,8,8,0,0,texas-southern
407,Texas State Bobcats,"San Marcos, Texas",1985,2021,37,1072,493,579,.460,-8.21,-5.57,0,3,2,2,0,0,texas-state
408,Texas Tech Red Raiders,"Lubbock, Texas",1926,2021,93,2492,1400,1092,.562,4.52,2.55,6,13,5,17,1,0,texas-tech
409,Texas Wesleyan Rams,"Fort Worth, Texas",1948,1948,1,30,19,11,.633,,,0,0,0,0,0,0,texas-wesleyan
410,Texas-Arlington Mavericks,"Arlington, Texas",1969,2021,53,1507,694,813,.461,-7.85,-4.31,0,3,1,1,0,0,texas-arlington
411,Texas-El Paso Miners,"El Paso, Texas",1923,2021,93,2378,1357,1021,.571,2.73,0.73,4,11,5,17,1,1,texas-el-paso
412,Texas-Rio Grande Valley Vaqueros,"Edinburg, Texas",1969,2021,53,1478,638,840,.432,-8.36,-3.17,0,0,0,0,0,0,texas-pan-american
413,Texas-San Antonio Roadrunners,"San Antonio, Texas",1982,2021,40,1163,580,583,.499,-6.18,-4.51,0,3,4,4,0,0,texas-san-antonio
414,Toledo Rockets,"Toledo, Ohio",1916,2021,106,2579,1479,1100,.573,0.92,-0.29,2,10,1,4,0,0,toledo
415,Towson Tigers,"Towson, Maryland",1980,2021,42,1225,516,709,.421,-7.87,-4.14,0,4,3,2,0,0,towson
416,Trinity (CT) Bantams,"Hartford, Connecticut",1897,1911,8,81,28,53,.346,,,0,0,0,,,,trinity-ct
417,Trinity (TX) Tigers,"San Antonio, Texas",1971,1973,3,70,25,45,.357,-24.37,-5.64,0,0,0,0,0,0,trinity-tx
418,Troy Trojans,"Troy, Alabama",1994,2021,28,820,386,434,.471,-7.77,-4.85,0,6,2,2,0,0,troy
419,Tulane Green Wave,"New Orleans, Louisiana",1906,2021,111,2556,1237,1319,.484,-1.18,1.07,1,6,0,3,0,0,tulane
420,Tulsa Golden Hurricane,"Tulsa, Oklahoma",1914,2021,108,2648,1477,1171,.558,5.14,3.23,5,11,6,16,0,0,tulsa
421,U.S. International Gulls,"San Diego, California",1982,1991,10,279,69,210,.247,-18.06,-5.34,0,0,0,0,0,0,alliant-international
422,UC-Davis Aggies,"Davis, California",2008,2021,14,416,182,234,.438,-6.21,-2.74,0,2,1,1,0,0,california-davis
423,UC-Irvine Anteaters,"Irvine, California",1978,2021,44,1310,652,658,.498,-1.35,0.31,0,7,2,2,0,0,california-irvine
424,UC-Riverside Highlanders,"Riverside, California",2002,2021,20,571,201,370,.352,-7.93,-2.51,0,0,0,0,0,0,california-riverside
425,UC-San Diego Tritons,"La Jolla, California",2021,2021,1,2,2,0,1.000,,,0,0,0,0,0,0,california-san-diego
426,UC-Santa Barbara Gauchos,"Santa Barbara, California",1964,2021,58,1628,867,761,.533,-0.32,-0.03,0,4,3,5,0,0,california-santa-barbara
427,UCLA Bruins,"Los Angeles, California",1920,2021,102,2786,1916,870,.688,15.43,6.87,41,31,4,49,18,11,ucla
428,Union (NY) Dutchmen,"Schenectady, New York",1907,1925,19,266,162,104,.609,,,0,0,0,,,,union-ny
429,University of California Golden Bears,"Berkeley, California",1908,2021,112,2846,1640,1206,.576,6.97,5.99,5,14,0,19,3,1,california
430,Utah State Aggies,"Logan, Utah",1904,2021,116,2767,1637,1130,.592,3.89,0.82,5,16,10,21,0,0,utah-state
431,Utah Utes,"Salt Lake City, Utah",1909,2021,113,2861,1839,1022,.643,8.10,3.59,21,30,5,29,4,1,utah
432,Utah Valley Wolverines,"Orem, Utah",2010,2021,12,357,186,171,.521,-6.40,-4.42,0,3,0,0,0,0,utah-valley
433,Utica Pioneers,"Utica, New York",1982,1987,6,158,64,94,.405,-12.95,-7.35,0,0,0,0,0,0,utica
434,Valparaiso Crusaders,"Valparaiso, Indiana",1918,2021,86,2176,1151,1025,.529,-4.13,-1.53,0,14,10,9,0,0,valparaiso
435,Vanderbilt Commodores,"Nashville, Tennessee",1901,2021,119,2811,1621,1190,.577,8.15,4.79,11,3,3,15,0,0,vanderbilt
436,Vermont Catamounts,"Burlington, Vermont",1921,2021,66,1783,953,830,.534,-10.03,-7.15,0,11,7,7,0,0,vermont
437,Villanova Wildcats,"Villanova, Pennsylvania",1921,2021,101,2754,1811,943,.658,10.37,5.69,24,13,7,39,6,3,villanova
438,Virginia Cavaliers,"Charlottesville, Virginia",1906,2021,116,2838,1660,1177,.585,6.94,5.49,14,10,3,23,3,1,virginia
439,Virginia Commonwealth Rams,"Richmond, Virginia",1974,2021,48,1458,944,514,.647,5.46,0.70,3,11,9,17,1,0,virginia-commonwealth
440,Virginia Military Institute Keydets,"Lexington, Virginia",1909,2021,113,2474,912,1562,.369,-12.84,-4.73,1,2,3,3,0,0,virginia-military-institute
441,Virginia Tech Hokies,"Blacksburg, Virginia",1909,2021,113,2725,1488,1237,.546,3.94,1.54,2,2,1,11,0,0,virginia-tech
442,Wabash Little Giants,"Crawfordsville, Indiana",1897,1925,29,407,301,106,.740,,,0,0,0,,,,wabash
443,Wagner Seahawks,"Staten Island, New York",1966,2021,49,1385,666,719,.481,-9.71,-7.25,0,3,1,1,0,0,wagner
444,Wake Forest Demon Deacons,"Winston-Salem, North Carolina",1906,2021,115,2808,1553,1255,.553,8.01,5.98,17,4,5,23,1,0,wake-forest
445,Washburn Ichabods,"Topeka, Kansas",1906,1941,35,557,270,283,.488,,,0,0,0,0,0,0,washburn
446,Washington & Jefferson Presidents,"Washington, Pennsylvania",1913,1944,10,128,73,55,.570,,,0,0,0,0,0,0,washington-jefferson
447,Washington & Lee Generals,"Lexington, Virginia",1907,1959,51,905,472,432,.522,-15.29,-5.66,0,3,2,0,0,0,washington-lee
448,Washington (MO) Bears,"St. Louis, Missouri",1905,1960,52,921,433,488,.470,-5.26,-1.82,0,2,0,0,0,0,washington-mo
449,Washington College Shoremen,"Chestertown, Maryland",1913,1925,13,151,109,42,.722,,,0,0,0,,,,washington-college
450,Washington Huskies,"Seattle, Washington",1896,2021,120,3023,1813,1210,.600,7.37,6.07,8,12,3,17,1,0,washington
451,Washington State Cougars,"Pullman, Washington",1902,2021,120,3161,1617,1544,.512,2.96,4.70,3,2,0,6,1,0,washington-state
452,Wayne State (MI) Warriors,"Detroit, Michigan",1928,1950,5,104,47,57,.452,,,0,0,0,0,0,0,wayne-state-mi
453,Weber State Wildcats,"Ogden, Utah",1964,2021,58,1687,1055,632,.625,0.24,-2.56,1,22,10,16,0,0,weber-state
454,Wesleyan (CT) Cardinals,"Middletown, Connecticut",1896,1913,13,171,97,74,.567,,,0,0,0,,,,wesleyan-ct
455,West Chester Golden Rams,"West Chester, Pennsylvania",1899,1982,10,244,86,158,.352,-17.60,-8.15,0,1,0,0,0,0,west-chester
456,West Texas A&M Buffaloes,"Canyon, Texas",1921,1986,54,1275,707,568,.555,-6.34,-1.65,0,4,0,1,0,0,west-texas-am
457,West Virginia Mountaineers,"Morgantown, West Virginia",1904,2021,112,2913,1800,1113,.618,7.33,2.72,18,16,13,29,2,0,west-virginia
458,Western Carolina Catamounts,"Cullowhee, North Carolina",1977,2021,45,1305,576,729,.441,-8.47,-3.84,0,3,1,1,0,0,western-carolina
459,Western Colorado Mountaineers,"Gunnison, Colorado",1924,1937,14,189,88,101,.466,,,0,0,0,,,,western-state
460,Western Illinois Leathernecks,"Macomb, Illinois",1982,2021,40,1125,461,664,.410,-8.74,-3.62,0,2,1,0,0,0,western-illinois
461,Western Kentucky Hilltoppers,"Bowling Green, Kentucky",1922,2021,100,2758,1820,938,.660,3.33,-0.14,11,28,19,23,1,0,western-kentucky
462,Western Michigan Broncos,"Kalamazoo, Michigan",1914,2021,108,2588,1349,1238,.521,-2.73,-0.13,1,10,2,4,0,0,western-michigan
463,Westminster (MO) Blue Jays,"Fulton, Missouri",1920,1920,1,17,17,0,1.000,,,0,0,0,,,,westminster-mo
464,Westminster (PA) Titans,"New Wilmington, Pennsylvania",1898,1935,21,294,210,84,.714,,,0,0,0,,,,westminster-pa
465,Wheaton (IL) Thunder,"Wheaton, Illinois",1902,1905,4,57,39,17,.696,,,0,0,0,,,,wheaton-il
466,Whittier Poets,"Whittier, California",1909,1915,3,42,38,3,.927,,,0,0,0,,,,whittier
467,Wichita State Shockers,"Wichita, Kansas",1906,2021,114,2828,1615,1213,.571,6.13,3.36,8,11,4,15,2,0,wichita-state
468,Widener Pride,"Chester, Pennsylvania",1899,1909,5,26,20,6,.769,,,0,0,0,,,,widener
469,William & Mary Tribe,"Williamsburg, Virginia",1906,2021,116,2675,1256,1419,.470,-5.45,-2.59,0,3,0,0,0,0,william-mary
470,Williams Ephs,"Williamstown, Massachusetts",1901,1911,10,161,136,24,.850,,,0,0,0,,,,williams
471,Winthrop Eagles,"Rock Hill, South Carolina",1987,2021,35,1035,566,469,.547,-7.10,-6.72,1,10,12,10,0,0,winthrop
472,Wisconsin Badgers,"Madison, Wisconsin",1899,2021,123,2870,1644,1226,.573,8.79,7.71,17,19,3,24,4,1,wisconsin
473,Wisconsin-Stevens Point Pointers,"Stevens Point, Wisconsin",1898,1918,21,156,98,58,.628,,,0,0,0,,,,wisconsin-stevens-point
474,Wisconsin-Superior Yellowjackets,"Superior, Wisconsin",1900,1901,2,14,10,4,.714,,,0,0,0,,,,wisconsin-superior
475,Wittenberg Tigers,"Springfield, Ohio",1931,1931,1,20,18,2,.900,,,0,0,0,,,,wittenberg
476,Wofford Terriers,"Spartanburg, South Carolina",1996,2021,26,780,391,389,.501,-4.84,-2.47,1,4,5,5,0,0,wofford
477,Wooster Fighting Scots,"Wooster, Ohio",1901,1931,31,390,225,165,.577,,,0,0,0,,,,wooster
478,WPI Engineers,"Worcester, Massachusetts",1920,1920,1,16,14,2,.875,,,0,0,0,,,,worcester-tech
479,Wright State Raiders,"Dayton, Ohio",1988,2021,34,1012,562,450,.555,-1.31,-2.30,0,3,3,3,0,0,wright-state
480,Wyoming Cowboys,"Laramie, Wyoming",1905,2021,116,2762,1553,1209,.562,2.61,2.47,4,21,3,15,1,1,wyoming
481,Xavier Musketeers,"Cincinnati, Ohio",1920,2021,100,2537,1517,1020,.598,5.81,3.74,12,18,9,28,0,0,xavier
482,Yale Bulldogs,"New Haven, Connecticut",1896,2021,126,2992,1503,1486,.503,-6.41,-4.60,1,15,1,5,0,0,yale
483,Youngstown State Penguins,"Youngstown, Ohio",1948,2021,41,1174,455,719,.388,-8.52,-3.34,0,0,0,0,0,0,youngstown-state
